{
  "Link Color" : {
    "Red Component" : 0,
    "Color Space" : "sRGB",
    "Blue Component" : 0.73423302173614502,
    "Alpha Component" : 1,
    "Green Component" : 0.35916060209274292
  },
  "Tags" : [

  ],
  "Ansi 12 Color" : {
    "Red Component" : 0.14901960784313725,
    "Color Space" : "sRGB",
    "Blue Component" : 0.82352941176470584,
    "Alpha Component" : 1,
    "Green Component" : 0.54509803921568623
  },
  "Transparency" : 0,
  "Ansi 5 Color" : {
    "Red Component" : 0.82745099067687988,
    "Color Space" : "sRGB",
    "Blue Component" : 0.50980395078659058,
    "Alpha Component" : 1,
    "Green Component" : 0.21176470816135406
  },
  "Bold Color" : {
    "Red Component" : 0.34509804844856262,
    "Color Space" : "sRGB",
    "Blue Component" : 0.45882353186607361,
    "Alpha Component" : 1,
    "Green Component" : 0.43137255311012268
  },
  "Ansi 6 Color" : {
    "Red Component" : 0.16470588743686676,
    "Color Space" : "sRGB",
    "Blue Component" : 0.59607845544815063,
    "Alpha Component" : 1,
    "Green Component" : 0.63137257099151611
  },
  "Ansi 1 Color" : {
    "Red Component" : 0.86274510622024536,
    "Color Space" : "sRGB",
    "Blue Component" : 0.18431372940540314,
    "Alpha Component" : 1,
    "Green Component" : 0.19607843458652496
  },
  "Normal Font" : "SFMono-Regular 11",
  "Rows" : 24,
  "Default Bookmark" : "No",
  "Ansi 2 Color" : {
    "Red Component" : 0.5215686559677124,
    "Color Space" : "sRGB",
    "Blue Component" : 0,
    "Alpha Component" : 1,
    "Green Component" : 0.60000002384185791
  },
  "Custom Directory" : "No",
  "Allow Title Reporting" : true,
  "Cursor Guide Color" : {
    "Red Component" : 0.70213186740875244,
    "Color Space" : "sRGB",
    "Blue Component" : 1,
    "Alpha Component" : 0.25,
    "Green Component" : 0.9268307089805603
  },
  "Non-ASCII Anti Aliased" : true,
  "Use Bright Bold" : true,
  "Ansi 10 Color" : {
    "Red Component" : 0.52156862745098043,
    "Color Space" : "sRGB",
    "Blue Component" : 0,
    "Alpha Component" : 1,
    "Green Component" : 0.59999999999999998
  },
  "Icon" : 0,
  "Ambiguous Double Width" : false,
  "Jobs to Ignore" : [
    "rlogin",
    "ssh",
    "slogin",
    "telnet"
  ],
  "Show Status Bar" : false,
  "Ansi 15 Color" : {
    "Red Component" : 0.93333333333333335,
    "Color Space" : "sRGB",
    "Blue Component" : 0.83529411764705885,
    "Alpha Component" : 1,
    "Green Component" : 0.90980392156862744
  },
  "Foreground Color" : {
    "Red Component" : 0.3960784375667572,
    "Color Space" : "sRGB",
    "Blue Component" : 0.51372551918029785,
    "Alpha Component" : 1,
    "Green Component" : 0.48235294222831726
  },
  "Bound Hosts" : [
    "&nano"
  ],
  "Working Directory" : "\/Users\/saagarjha",
  "Blinking Cursor" : true,
  "Disable Window Resizing" : true,
  "Sync Title" : false,
  "Prompt Before Closing 2" : false,
  "BM Growl" : false,
  "Command" : "",
  "Description" : "Default",
  "Mouse Reporting" : true,
  "Screen" : -1,
  "Selection Color" : {
    "Red Component" : 0.93333333730697632,
    "Color Space" : "sRGB",
    "Blue Component" : 0.83529412746429443,
    "Alpha Component" : 1,
    "Green Component" : 0.90980392694473267
  },
  "Columns" : 80,
  "Idle Code" : 0,
  "Disable Smcup Rmcup" : false,
  "Ansi 13 Color" : {
    "Red Component" : 0.82745098039215681,
    "Color Space" : "sRGB",
    "Blue Component" : 0.50980392156862742,
    "Alpha Component" : 1,
    "Green Component" : 0.21176470588235294
  },
  "Title Components" : 3,
  "Custom Command" : "No",
  "ASCII Anti Aliased" : true,
  "Non Ascii Font" : "Monaco 12",
  "Vertical Spacing" : 1,
  "Use Bold Font" : true,
  "Option Key Sends" : 2,
  "Selected Text Color" : {
    "Red Component" : 0.34509804844856262,
    "Color Space" : "sRGB",
    "Blue Component" : 0.45882353186607361,
    "Alpha Component" : 1,
    "Green Component" : 0.43137255311012268
  },
  "Background Color" : {
    "Red Component" : 0.99215686321258545,
    "Color Space" : "sRGB",
    "Blue Component" : 0.89019608497619629,
    "Alpha Component" : 1,
    "Green Component" : 0.96470588445663452
  },
  "Character Encoding" : 4,
  "Ansi 11 Color" : {
    "Red Component" : 0.70980392156862748,
    "Color Space" : "sRGB",
    "Blue Component" : 0,
    "Alpha Component" : 1,
    "Green Component" : 0.53725490196078429
  },
  "Use Italic Font" : true,
  "Unlimited Scrollback" : true,
  "Keyboard Map" : {
    "0xf700-0x260000" : {
      "Text" : "[1;6A",
      "Action" : 10
    },
    "0x37-0x40000" : {
      "Text" : "0x1f",
      "Action" : 11
    },
    "0x32-0x40000" : {
      "Text" : "0x00",
      "Action" : 11
    },
    "0xf709-0x20000" : {
      "Text" : "[17;2~",
      "Action" : 10
    },
    "0xf70c-0x20000" : {
      "Text" : "[20;2~",
      "Action" : 10
    },
    "0xf729-0x20000" : {
      "Text" : "[1;2H",
      "Action" : 10
    },
    "0xf72b-0x40000" : {
      "Text" : "[1;5F",
      "Action" : 10
    },
    "0xf705-0x20000" : {
      "Text" : "[1;2Q",
      "Action" : 10
    },
    "0xf703-0x260000" : {
      "Text" : "[1;6C",
      "Action" : 10
    },
    "0xf700-0x220000" : {
      "Text" : "[1;2A",
      "Action" : 10
    },
    "0xf701-0x280000" : {
      "Text" : "0x1b 0x1b 0x5b 0x42",
      "Action" : 11
    },
    "0x38-0x40000" : {
      "Text" : "0x7f",
      "Action" : 11
    },
    "0x33-0x40000" : {
      "Text" : "0x1b",
      "Action" : 11
    },
    "0xf703-0x220000" : {
      "Text" : "[1;2C",
      "Action" : 10
    },
    "0xf701-0x240000" : {
      "Text" : "[1;5B",
      "Action" : 10
    },
    "0xf70d-0x20000" : {
      "Text" : "[21;2~",
      "Action" : 10
    },
    "0xf702-0x260000" : {
      "Text" : "[1;6D",
      "Action" : 10
    },
    "0xf729-0x40000" : {
      "Text" : "[1;5H",
      "Action" : 10
    },
    "0xf706-0x20000" : {
      "Text" : "[1;2R",
      "Action" : 10
    },
    "0x34-0x40000" : {
      "Text" : "0x1c",
      "Action" : 11
    },
    "0xf700-0x280000" : {
      "Text" : "0x1b 0x1b 0x5b 0x41",
      "Action" : 11
    },
    "0x2d-0x40000" : {
      "Text" : "0x1f",
      "Action" : 11
    },
    "0xf70e-0x20000" : {
      "Text" : "[23;2~",
      "Action" : 10
    },
    "0xf702-0x220000" : {
      "Text" : "[1;2D",
      "Action" : 10
    },
    "0xf703-0x280000" : {
      "Text" : "0x1b 0x1b 0x5b 0x43",
      "Action" : 11
    },
    "0xf700-0x240000" : {
      "Text" : "[1;5A",
      "Action" : 10
    },
    "0xf707-0x20000" : {
      "Text" : "[1;2S",
      "Action" : 10
    },
    "0xf70a-0x20000" : {
      "Text" : "[18;2~",
      "Action" : 10
    },
    "0x35-0x40000" : {
      "Text" : "0x1d",
      "Action" : 11
    },
    "0xf70f-0x20000" : {
      "Text" : "[24;2~",
      "Action" : 10
    },
    "0xf703-0x240000" : {
      "Text" : "[1;5C",
      "Action" : 10
    },
    "0xf701-0x260000" : {
      "Text" : "[1;6B",
      "Action" : 10
    },
    "0xf702-0x280000" : {
      "Text" : "0x1b 0x1b 0x5b 0x44",
      "Action" : 11
    },
    "0xf72b-0x20000" : {
      "Text" : "[1;2F",
      "Action" : 10
    },
    "0x36-0x40000" : {
      "Text" : "0x1e",
      "Action" : 11
    },
    "0xf708-0x20000" : {
      "Text" : "[15;2~",
      "Action" : 10
    },
    "0xf701-0x220000" : {
      "Text" : "[1;2B",
      "Action" : 10
    },
    "0xf70b-0x20000" : {
      "Text" : "[19;2~",
      "Action" : 10
    },
    "0xf702-0x240000" : {
      "Text" : "[1;5D",
      "Action" : 10
    },
    "0xf704-0x20000" : {
      "Text" : "[1;2P",
      "Action" : 10
    }
  },
  "Window Type" : 0,
  "Semantic History" : {
    "editor" : "com.sublimetext.3",
    "action" : "editor",
    "text" : ""
  },
  "Cursor Type" : 1,
  "Background Image Location" : "",
  "Blur" : false,
  "Badge Color" : {
    "Red Component" : 1,
    "Color Space" : "sRGB",
    "Blue Component" : 0,
    "Alpha Component" : 0.5,
    "Green Component" : 0.1491314172744751
  },
  "Scrollback Lines" : 0,
  "Send Code When Idle" : false,